CompanyID,Exposure
61,23068.823976405503
90,35921.08492999386
115,20784.237043079484
113,18754.171654638987
70,29082.454677633767
98,9001.158232105425
100,18596.092061579326
64,30040.14462144522
101,16605.979051795126
94,43987.34966401913
104,60491.04625213723
91,29464.674973709232
69,11561.190538647556
82,20734.427407819217
96,17951.008361157044
120,19096.103120945336
80,23292.39401212719
75,45349.12973626597
116,31914.58634374035
77,18685.361019313914
84,9871.43059996702
110,11925.659939225154
112,14854.771753150217
86,11718.715313474411
66,21657.448362401872
89,20257.65065030601
68,40687.94082438258
107,18028.82843201811
92,21020.41755353439
109,20079.605896338286
106,39081.596365773636
62,21003.735868638636
108,12807.535299370282
111,44428.788672451105
95,22028.699002516372
105,45244.55707917084
65,14795.69963938343
85,7601.371367271608
117,18644.62462719436
102,30386.146044643196
119,29690.751609734685
118,12410.960215399064
76,11939.25896939324
67,19003.88055207091
97,29177.357251463283
81,18272.820601759147
88,31257.452531167102
74,18509.9766008216
83,14152.221492098937
78,42333.8098033675
71,31296.476969407682
93,22610.328281476126
103,21097.81270890587
79,21776.063775310056
72,19432.536630684015
63,10461.171578945778
87,56056.48638703095
73,21387.04871077897
114,37869.1979985669
99,15481.767834763452
