,AAA,AA,A,BBB,BB,B,CCC,CC,C,D
AAA,0.91,0.07,0.015,0.005,0.0,0.0,0.0,0.0,0.0,0.0
AA,0.06,0.86,0.07,0.015,0.005,0.0,0.0,0.0,0.0,0.0
A,0.02,0.11,0.76,0.095,0.02,0.0,0.0,0.0,0.0,0.005
BBB,0.01,0.03,0.11,0.76,0.075,0.02,0.0,0.0,0.0,0.012
BB,0.0,0.02,0.06,0.16,0.64,0.095,0.015,0.005,0.0,0.02
B,0.0,0.01,0.03,0.09,0.16,0.59,0.075,0.025,0.005,0.03
CCC,0.0,0.0,0.01,0.03,0.09,0.16,0.49,0.14,0.04,0.05
CC,0.0,0.0,0.0,0.02,0.06,0.11,0.21,0.39,0.14,0.13
C,0.0,0.0,0.0,0.0,0.04,0.08,0.11,0.21,0.39,0.3
D,0.0,0.0,0.0,0.0,0.0,0.0,0.0,0.0,0.0,1.0
