CompanyID,CompanyName,Industry
175,EnerI 175,Energy
68,HealC 68,Healthcare
153,EnerI 153,Energy
19,TechX 19,Technology
112,HealY 112,Healthcare
105,HealF 105,Healthcare
141,EnerY 141,Energy
93,HealN 93,Healthcare
162,EnerH 162,Energy
44,TechU 44,Technology
50,TechG 50,Technology
97,HealK 97,Healthcare
65,HealB 65,Healthcare
126,EnerE 126,Energy
176,EnerA 176,Energy
90,HealF 90,Healthcare
173,EnerY 173,Energy
115,HealX 115,Healthcare
73,HealM 73,Healthcare
88,HealY 88,Healthcare
143,EnerU 143,Energy
161,EnerA 161,Energy
127,EnerL 127,Energy
24,TechH 24,Technology
14,TechQ 14,Technology
45,TechY 45,Technology
94,HealG 94,Healthcare
75,HealJ 75,Healthcare
160,EnerK 160,Energy
102,HealC 102,Healthcare
6,TechB 6,Technology
131,EnerJ 131,Energy
123,EnerG 123,Energy
49,TechO 49,Technology
147,EnerM 147,Energy
80,HealR 80,Healthcare
83,HealP 83,Healthcare
110,HealU 110,Healthcare
10,TechU 10,Technology
109,HealM 109,Healthcare
132,EnerA 132,Energy
57,TechC 57,Technology
66,HealE 66,Healthcare
114,HealF 114,Healthcare
170,EnerM 170,Energy
41,TechQ 41,Technology
27,TechK 27,Technology
38,TechO 38,Technology
34,TechP 34,Technology
134,EnerE 134,Energy
69,HealF 69,Healthcare
124,EnerO 124,Energy
98,HealN 98,Healthcare
139,EnerY 139,Energy
79,HealC 79,Healthcare
39,TechM 39,Technology
150,EnerW 150,Energy
159,EnerB 159,Energy
43,TechY 43,Technology
172,EnerJ 172,Energy
78,HealH 78,Healthcare
142,EnerA 142,Energy
56,TechL 56,Technology
62,HealC 62,Healthcare
7,TechY 7,Technology
91,HealK 91,Healthcare
129,EnerQ 129,Energy
35,TechK 35,Technology
92,HealB 92,Healthcare
111,HealE 111,Healthcare
148,EnerH 148,Energy
58,TechK 58,Technology
169,EnerM 169,Energy
177,EnerJ 177,Energy
144,EnerE 144,Energy
106,HealV 106,Healthcare
145,EnerV 145,Energy
140,EnerC 140,Energy
4,TechV 4,Technology
119,HealO 119,Healthcare
168,EnerR 168,Energy
72,HealK 72,Healthcare
136,EnerO 136,Energy
133,EnerT 133,Energy
46,TechK 46,Technology
54,TechA 54,Technology
22,TechO 22,Technology
70,HealG 70,Healthcare
28,TechL 28,Technology
135,EnerL 135,Energy
85,HealQ 85,Healthcare
104,HealO 104,Healthcare
5,TechA 5,Technology
101,HealB 101,Healthcare
40,TechG 40,Technology
9,TechJ 9,Technology
89,HealV 89,Healthcare
121,EnerL 121,Energy
12,TechR 12,Technology
166,EnerE 166,Energy
167,EnerI 167,Energy
47,TechK 47,Technology
77,HealE 77,Healthcare
76,HealO 76,Healthcare
155,EnerJ 155,Energy
82,HealQ 82,Healthcare
30,TechZ 30,Technology
64,HealM 64,Healthcare
81,HealJ 81,Healthcare
128,EnerH 128,Energy
116,HealZ 116,Healthcare
100,HealZ 100,Healthcare
87,HealH 87,Healthcare
15,TechP 15,Technology
152,EnerR 152,Energy
51,TechE 51,Technology
156,EnerN 156,Energy
103,HealC 103,Healthcare
17,TechZ 17,Technology
36,TechW 36,Technology
42,TechA 42,Technology
180,EnerB 180,Energy
122,EnerL 122,Energy
107,HealS 107,Healthcare
138,EnerB 138,Energy
67,HealP 67,Healthcare
113,HealL 113,Healthcare
130,EnerI 130,Energy
25,TechH 25,Technology
151,EnerP 151,Energy
108,HealG 108,Healthcare
53,TechH 53,Technology
84,HealH 84,Healthcare
163,EnerI 163,Energy
154,EnerL 154,Energy
61,HealE 61,Healthcare
125,EnerQ 125,Energy
1,TechJ 1,Technology
120,HealI 120,Healthcare
71,HealN 71,Healthcare
86,HealG 86,Healthcare
3,TechR 3,Technology
178,EnerM 178,Energy
8,TechK 8,Technology
52,TechW 52,Technology
149,EnerG 149,Energy
59,TechI 59,Technology
137,EnerC 137,Energy
13,TechF 13,Technology
146,EnerG 146,Energy
18,TechZ 18,Technology
117,HealR 117,Healthcare
96,HealE 96,Healthcare
63,HealT 63,Healthcare
99,HealB 99,Healthcare
11,TechY 11,Technology
21,TechH 21,Technology
164,EnerY 164,Energy
179,EnerH 179,Energy
55,TechO 55,Technology
171,EnerJ 171,Energy
157,EnerH 157,Energy
95,HealL 95,Healthcare
26,TechS 26,Technology
60,TechM 60,Technology
32,TechU 32,Technology
29,TechX 29,Technology
20,TechX 20,Technology
31,TechT 31,Technology
16,TechV 16,Technology
158,EnerR 158,Energy
48,TechU 48,Technology
2,TechV 2,Technology
174,EnerN 174,Energy
165,EnerS 165,Energy
37,TechF 37,Technology
33,TechI 33,Technology
74,HealK 74,Healthcare
23,TechQ 23,Technology
118,HealO 118,Healthcare
