Date,Index,Return
2018-01-01,99.97840875851102,-0.0002159124148898769
2018-01-02,99.41632718695537,-0.005622029581540011
2018-01-03,99.20528040179158,-0.002122858398972137
2018-01-04,99.17653520268068,-0.0002897547287249314
2018-01-05,97.9921483624571,-0.011942208283472758
2018-01-08,97.89814846130223,-0.0009592595195197118
2018-01-09,98.22762747603412,0.0033655285611671223
2018-01-10,97.8259207404865,-0.004089549405493206
2018-01-11,99.93321196762281,0.021541235811381412
2018-01-12,102.36125347774285,0.02429664235056005
2018-01-15,102.04819498440676,-0.0030583690869334756
2018-01-16,104.08665462588003,0.019975460043999232
2018-01-17,102.8372098156054,-0.012003890554130332
2018-01-18,103.38293794953665,0.0053067185983535796
2018-01-19,103.70226943361445,0.0030888219121192537
2018-01-22,105.22441487284529,0.014678034025140039
2018-01-23,108.18529033333317,0.028138673558468746
2018-01-24,107.92257477730016,-0.0024283851827133418
2018-01-25,102.70537150961307,-0.048342094121205464
2018-01-26,100.68402421880253,-0.019681027984221364
2018-01-29,100.38295308956602,-0.0029902572088521305
2018-01-30,99.905116428118,-0.004760137520776637
2018-01-31,99.69704764254637,-0.0020826639616735995
2018-02-01,99.96540983694065,0.002691776745049309
2018-02-02,101.50068404266489,0.015358054433313296
2018-02-05,102.11834753612483,0.006085313604392328
2018-02-06,102.37308490764272,0.0024945308817082893
2018-02-07,101.00964128845354,-0.013318379732516997
2018-02-08,103.04414313372104,0.02014165993776352
2018-02-09,102.96085054046569,-0.0008083195291094816
2018-02-12,103.74661209955607,0.0076316537301870015
2018-02-13,104.42865809347208,0.006574151966153148
2018-02-14,106.70518984159352,0.0217998755292225
2018-02-15,107.84148874092219,0.010648956259911411
2018-02-16,107.24904330989334,-0.00549366888333809
2018-02-19,107.7612062155429,0.0047754543056359134
2018-02-20,107.67323850547332,-0.0008163207629063038
2018-02-21,106.83194898805614,-0.00781335760950865
2018-02-22,105.4662432308036,-0.012783682879409246
2018-02-23,100.29772276920777,-0.049006395821694214
2018-02-26,99.74726972804223,-0.005488190817972671
2018-02-27,99.81202970627503,0.0006492406098869614
2018-02-28,99.53167738222393,-0.002808802955676916
2018-03-01,100.49959555725046,0.009724724836189493
2018-03-02,101.02226818085487,0.005200743552312788
2018-03-05,99.35452595170322,-0.01650865951817651
2018-03-06,98.50205646515786,-0.008580077036045157
2018-03-07,96.83481568372673,-0.016925948972658016
2018-03-08,95.41475338268867,-0.014664790664507774
2018-03-09,97.62325652514737,0.02314634859035735
2018-03-12,97.1183294581994,-0.00517220060998389
2018-03-13,100.44109289951729,0.034213556388941434
2018-03-14,100.92333916268626,0.004801284506645218
2018-03-15,101.67059163213142,0.007404159192955409
2018-03-16,101.38626057812881,-0.00279659092603095
2018-03-19,100.47603550211568,-0.008977795125521125
2018-03-20,100.48266076214883,6.593870866855517e-05
2018-03-21,100.17708310276552,-0.003041098405093318
2018-03-22,98.08096490171476,-0.02092412891380033
2018-03-23,98.87182674773804,0.008063357113337659
2018-03-27,98.72413638809061,-0.0014937557492919083
2018-03-28,101.34474503048148,0.026544761375162658
2018-03-29,104.20154372479011,0.02818891787087138
2018-03-30,105.24641154188485,0.010027373681280427
2018-04-02,105.9403059301151,0.006593045578129701
2018-04-03,105.6156544453239,-0.0030644756208779277
2018-04-04,106.25282584225756,0.00603292570859862
2018-04-05,107.441268515887,0.01118504533134747
2018-04-06,109.06235244395239,0.015088093713503411
2018-04-09,109.82877766514893,0.007027404086028826
2018-04-10,110.98417660596813,0.010520001819029961
2018-04-11,110.21190872413914,-0.0069583602405848734
2018-04-12,108.77279930821642,-0.013057658038795196
2018-04-13,108.5217319599644,-0.0023081813638039955
2018-04-16,108.5081597999442,-0.00012506398280863495
2018-04-17,108.62630691493322,0.0010888316160449535
2018-04-18,108.55892590138947,-0.0006203010620301095
2018-04-19,109.32451156740642,0.007052259034990651
2018-04-20,109.14871108515563,-0.0016080609895283674
2018-04-23,109.70954054834581,0.005138214254794448
2018-04-24,108.45259577935693,-0.011457023361017395
2018-04-25,109.21456984450548,0.007025872084230833
2018-04-26,110.25222650203675,0.009501082676135862
2018-04-27,110.45240662862032,0.0018156560908989012
2018-04-30,111.05672751234457,0.00547132382326597
2018-05-01,111.2583955345483,0.0018159009969146236
2018-05-02,111.58602033896857,0.0029447198375112836
2018-05-03,112.69059796781721,0.009898888996070002
2018-05-04,112.61320981479047,-0.0006867312306644845
2018-05-07,115.36620572474226,0.024446474036922523
2018-05-08,114.64725274299043,-0.006231920147111335
2018-05-09,112.85206145489666,-0.015658389059859383
2018-05-10,113.44516263817026,0.00525556357258607
2018-05-11,113.33281864144125,-0.0009902934079906284
2018-05-14,113.56329415739563,0.0020336167291803812
2018-05-15,114.92483532173333,0.01198927148459294
2018-05-16,115.75358407262846,0.007211224176001966
2018-05-17,116.25775060688083,0.004355515540115408
2018-05-18,116.62870843172138,0.0031908223142466043
2018-05-21,117.77106841319413,0.009794843798184941
2018-05-22,117.07281307904307,-0.005928920774508707
2018-05-23,117.39457728889815,0.002748411022103196
2018-05-24,109.20702899982257,-0.06974383722109005
2018-05-25,110.25140845973793,0.009563298896420401
2018-05-28,110.40940996942781,0.0014331019612106384
2018-05-29,107.22587077688637,-0.028833948061337815
2018-05-30,108.25443866598523,0.00959253472736154
2018-05-31,108.48045287223403,0.002087805442750974
2018-06-01,110.98903275492229,0.023124718013878824
2018-06-04,110.28912896760335,-0.006306062589665158
2018-06-05,109.4525329877714,-0.0075854799803314645
2018-06-06,108.92284841239845,-0.004839399883345898
2018-06-07,109.65283006248276,0.0067018229942029705
2018-06-08,110.07304102030129,0.0038321943681626116
2018-06-11,109.3211889596408,-0.0068304832290572385
2018-06-12,108.90443361270353,-0.0038122101570917328
2018-06-13,108.4005233453589,-0.004627086801045043
2018-06-14,108.22312248439354,-0.001636531406773444
2018-06-15,108.82465674906445,0.0055582785902122045
2018-06-18,108.23139140296698,-0.0054515710301339575
2018-06-19,107.9415622142946,-0.002677866235621837
2018-06-20,109.04364788773653,0.010210021523071686
2018-06-21,109.09393387633273,0.0004611546804447014
2018-06-22,109.36438372510761,0.0024790548765200194
2018-06-25,108.45139459292045,-0.008348139504740486
2018-06-26,109.39022683191703,0.008656709694887297
2018-06-27,109.48736003557147,0.0008879513871351472
2018-06-28,110.62339266508144,0.010375924939106067
2018-06-29,109.89925233407402,-0.006545996407828389
2018-07-02,109.98813401556025,0.0008087560160649603
2018-07-03,109.15142723961561,-0.007607245849140969
2018-07-04,109.65942171473193,0.004654034197840952
2018-07-05,108.90113441251104,-0.006914930704207972
2018-07-06,107.69195752010378,-0.011103437066385089
2018-07-09,109.45657692216753,0.016385804870659104
2018-07-10,109.3318600344787,-0.0011394188562786195
2018-07-11,109.81498456372437,0.004418881459560925
2018-07-12,110.27615851113053,0.004199553906403047
2018-07-13,111.1471783144417,0.007898532330750862
2018-07-16,111.49689532682594,0.003146431764510128
2018-07-17,111.21957515057814,-0.0024872457249585254
2018-07-18,111.42239934076925,0.0018236375198926657
2018-07-19,111.29854893182427,-0.0011115395977627156
2018-07-20,112.81965040758202,0.013666858106923687
2018-07-23,112.38784882514297,-0.0038273614647722385
2018-07-24,112.09579419518309,-0.0025986317294342284
2018-07-25,112.63073321471448,0.004772159592356622
2018-07-26,112.49855635463865,-0.0011735416817703285
2018-07-27,111.66568392882735,-0.0074034054551400845
2018-07-30,110.76114549853138,-0.008100415440723057
2018-07-31,108.98919819687953,-0.01599791419343293
2018-08-01,107.85554382283502,-0.01040152962678623
2018-08-02,107.18395765990492,-0.006226718990293836
2018-08-03,105.78398550815335,-0.013061396335015756
2018-08-06,104.32666434583852,-0.013776387373895065
2018-08-07,103.23419383472117,-0.010471632712188147
2018-08-08,103.4451797682862,0.0020437601702282524
2018-08-09,103.87832073284909,0.004187154641067801
2018-08-10,104.00691543788537,0.0012379359247343276
2018-08-13,102.62485154746868,-0.013288192276426818
2018-08-14,101.9971514587988,-0.006116453073547602
2018-08-15,103.46947205984489,0.014434918818697068
2018-08-16,104.16853114863602,0.006756186872073782
2018-08-17,104.5148812351651,0.003324901318181178
2018-08-20,104.5955759957099,0.0007720887168519836
2018-08-21,104.29739294607016,-0.0028508189452673815
2018-08-22,103.61431600167555,-0.006549319451808749
2018-08-23,103.96872112934577,0.00342042626295467
2018-08-24,104.94619364177042,0.00940160176836857
2018-08-27,105.43499516928159,0.004657639410721882
2018-08-28,105.35982213458621,-0.0007129799226023287
2018-08-29,105.81184901988942,0.004290315569494646
2018-08-30,103.55554237858244,-0.021323761584421914
2018-08-31,104.83854810652534,0.012389541867806764
2018-09-03,104.87931143503128,0.00038882004035904175
2018-09-04,104.63157415471119,-0.0023621177230323306
2018-09-05,106.22528714054509,0.015231664043182661
2018-09-06,108.9763417692571,0.025898302586578346
2018-09-07,108.7998787323577,-0.0016192784051517908
2018-09-10,108.37309033197712,-0.003922691875700127
2018-09-11,108.7326907622775,0.0033181708595630506
2018-09-13,108.74865493521857,0.00014682036128375466
2018-09-14,108.41948682003475,-0.0030268706806526814
2018-09-17,107.39544244991774,-0.00944520584031929
2018-09-18,106.59531244670461,-0.0074503161862408875
2018-09-19,105.84819938939324,-0.007008873468848846
2018-09-20,105.98892839534896,0.0013295361354047361
2018-09-21,106.35692291938948,0.0034720091014396686
2018-09-24,106.72443148279565,0.0034554268149024664
2018-09-25,106.20008639172912,-0.0049130745770340324
2018-09-26,105.77855591174792,-0.00396921033026601
2018-09-27,105.66454888113495,-0.0010777896297629438
2018-09-28,105.68060617033281,0.00015196477312300142
2018-10-01,104.25038662211492,-0.013533415449119424
2018-10-02,102.50874625459676,-0.016706320465085987
2018-10-03,99.86639943791104,-0.025776793817407946
2018-10-05,102.03404884386758,0.021705492719843296
2018-10-08,102.48869170768198,0.00445579557967061
2018-10-09,102.80959804392498,0.003131138966611984
2018-10-10,101.73749757004835,-0.010428019312151834
2018-10-11,102.49781746152098,0.0074733496462221095
2018-10-12,102.27825666114829,-0.002142102200908927
2018-10-15,102.91411566253458,0.00621695189323493
2018-10-16,103.75953768242101,0.008214830535576258
2018-10-17,103.52594078660418,-0.0022513293817075244
2018-10-18,100.92892670079803,-0.025085636180397674
2018-10-19,101.41529777289739,0.004818946242648684
2018-10-22,102.64101083020614,0.01208607660013497
2018-10-23,102.63664351755311,-4.254939246713222e-05
2018-10-24,102.66038041536633,0.00023127118151693935
2018-10-25,102.56255365118434,-0.0009529164394889091
2018-10-26,103.45941379095215,0.008744518421587345
2018-10-29,103.01958431775617,-0.004251227192188646
2018-10-30,102.9322155300149,-0.0008480794047061378
2018-10-31,103.364302311289,0.0041977798597767225
2018-11-01,100.64410432535682,-0.02631660955578355
2018-11-02,102.76937370724552,0.021116680367269797
2018-11-05,102.46633358086095,-0.002948739643464539
2018-11-06,102.84128987463478,0.003659312094718019
2018-11-07,102.55381053806998,-0.0027953688340086867
2018-11-08,101.74709385283566,-0.007866277040333285
2018-11-09,100.7609694134524,-0.009691917498986055
2018-11-12,101.69106464084396,0.009230709398746588
2018-11-13,104.77103491152972,0.030287521146166566
2018-11-14,102.43399562347983,-0.022306158281468848
2018-11-15,102.15172235142202,-0.0027556600749557496
2018-11-16,101.77940308015422,-0.0036447674370769833
2018-11-19,100.66186544669887,-0.010979997913480255
2018-11-20,100.04526328301162,-0.006125479206559498
2018-11-21,100.38418251816475,0.0033876589858570266
2018-11-22,99.94858252160421,-0.004339329022096827
2018-11-23,99.64328328607321,-0.0030545629345469357
2018-11-26,99.49192468966073,-0.0015190045070868252
2018-11-27,99.63133095429052,0.0014011817045917715
2018-11-28,98.83913462791544,-0.0079512771613833
2018-11-29,97.8125567676044,-0.010386350145371504
2018-11-30,97.64016474903534,-0.0017624732883596418
2018-12-03,97.95737208616335,0.0032487382415148864
2018-12-04,101.11941490516709,0.03227978406997689
2018-12-05,100.0388942707658,-0.010685590254004555
2018-12-06,100.55762648103206,0.0051853053159729885
2018-12-07,100.1774551904514,-0.0037806311056115182
2018-12-10,99.87983684662228,-0.0029709114018049592
2018-12-11,100.34612283404283,0.00466846965455681
2018-12-12,100.32907008726642,-0.00016993926914965756
2018-12-13,101.82295776450864,0.014889878635801495
2018-12-14,101.9827757106896,0.0015695669197761718
2018-12-17,101.82260693186316,-0.0015705473567498075
2018-12-18,102.86861270552572,0.01027282452473959
2018-12-20,101.56886123161684,-0.012635063696538695
2018-12-21,100.11927328282788,-0.014271972051388129
2018-12-24,100.58152694667439,0.004617029755506636
2018-12-25,101.83953639983923,0.012507360857941583
2018-12-26,101.82140037005342,-0.00017808437103044602
2018-12-27,101.89692659557066,0.0007417519818305302
2018-12-28,103.18667766134269,0.01265740890194904
2018-12-31,104.01259621513002,0.008004120032800837
2019-01-01,104.57880598939478,0.005443665429653131
2019-01-02,105.52502431715868,0.009047897600397833
2019-01-03,104.90539225066485,-0.005871896931589615
2019-01-04,104.6500305399429,-0.002434209579158268
2019-01-07,104.17859666485923,-0.00450486132351149
2019-01-08,103.87340862713079,-0.002929469655943039
2019-01-09,103.46824308906105,-0.0039005703521693092
2019-01-10,101.68839119523867,-0.017201914719769184
2019-01-11,101.89631071001513,0.002044673067717705
2019-01-15,102.12798129131575,0.0022735914547478294
2019-01-16,103.09526438375534,0.009471283777561998
2019-01-17,103.7279870376619,0.006137262052613372
2019-01-18,102.00003072553059,-0.016658535092403986
2019-01-21,101.54172611340229,-0.0044931811183620005
2019-01-22,103.28310439570394,0.017149386256807
2019-01-23,104.60908962534067,0.012838355676806228
2019-01-24,104.93918660509438,0.0031555286537332775
2019-01-25,102.94714742635567,-0.018982796066784158
2019-01-28,103.66973470576033,0.007019012157880145
2019-01-29,103.40902940379284,-0.002514767716030573
2019-01-30,104.50191500116742,0.010568570304504608
2019-01-31,106.59512938558396,0.020030392595132472
2019-02-01,105.75965501825928,-0.007837828727638475
2019-02-04,108.52607668790178,0.026157627586482508
2019-02-05,108.10160821675005,-0.003911211794492483
2019-02-06,105.83438966569818,-0.02097303257973714
2019-02-07,106.57461376678992,0.006994173665383243
2019-02-08,106.43161641098848,-0.0013417581424630095
2019-02-11,107.21515604254131,0.007361906715079465
2019-02-12,106.79370627978959,-0.003930878602503614
2019-02-13,106.6388764673225,-0.0014498027820239933
2019-02-14,106.4888834919236,-0.0014065505973786582
2019-02-15,105.92805744341702,-0.005266522007896778
2019-02-18,105.03146886023036,-0.008464127492053617
2019-02-19,106.33818657854583,0.012441201979707269
2019-02-20,107.13239338209269,0.007468688616014933
2019-02-21,110.90119043591513,0.03517887480008832
2019-02-22,110.86877550557936,-0.0002922865859993039
2019-02-25,110.71184739935056,-0.0014154400597751443
2019-02-26,107.01941344452695,-0.03335175088809219
2019-02-27,104.96329571994416,-0.019212567686596058
2019-02-28,106.34224631408193,0.013137455190212347
2019-03-01,106.43190433823897,0.0008431082402776462
2019-03-04,106.58399518141972,0.0014289967291894563
2019-03-05,105.94179034473935,-0.006025340254765889
2019-03-06,107.72467858755978,0.016828941978598192
2019-03-07,107.43684849132764,-0.002671904896872827
2019-03-08,106.8997613386173,-0.004999096308690658
2019-03-11,107.4647033781587,0.005284782982366797
2019-03-12,106.10109735321127,-0.012688873482012187
2019-03-13,106.8933958059883,0.007467391690959294
2019-03-14,106.33909522712696,-0.005185545605337432
2019-03-15,105.1281874150669,-0.011387230721436136
2019-03-18,104.11585882069414,-0.009629468739681653
2019-03-20,104.19548903960958,0.0007648231481484808
2019-03-21,102.92953756417612,-0.012149772385560966
2019-03-22,102.75133773033103,-0.001731279845049081
2019-03-25,103.36741323812772,0.0059957906281822
2019-03-26,101.64577345782003,-0.01665553704378326
2019-03-27,102.00706589586726,0.0035544265713827144
2019-03-28,102.99311198643501,0.009666448906337145
2019-03-29,106.87534067726156,0.037694061437214
2019-04-01,103.52019288988141,-0.031393095602024
2019-04-02,103.58915033176277,0.0006661255157697503
2019-04-03,103.3931483679917,-0.0018921090012162915
2019-04-04,103.35323739498203,-0.0003860117777592856
2019-04-05,102.4260489310768,-0.008971063580348486
2019-04-08,100.89995294461613,-0.014899490924301763
2019-04-09,100.04008131143107,-0.008522022142637227
2019-04-10,99.91932523904053,-0.001207076911649219
2019-04-11,100.18605040154385,0.002669405161265913
2019-04-12,99.81946694416506,-0.0036590269394744398
2019-04-15,99.52668664802708,-0.002933098173142505
2019-04-16,99.99377335860461,0.00469308008041489
2019-04-17,101.79420449438825,0.018005432491549334
2019-04-18,99.24242489892957,-0.025068024335308435
2019-04-19,99.51060329435575,0.002702255569624654
2019-04-22,99.57756641964104,0.0006729245233014465
2019-04-23,99.76813343308878,0.0019137544760296904
2019-04-24,99.46986453743904,-0.002989620887813738
2019-04-25,98.90781203332686,-0.0056504802406826425
2019-04-26,100.68625368341091,0.017980800641761305
2019-04-29,99.36029933852538,-0.0131691695378273
2019-04-30,101.45490248460081,0.021080886028120863
2019-05-01,102.32036322203709,0.008530496962112373
2019-05-02,102.9765338090557,0.006412903222349965
2019-05-03,101.89107170395685,-0.010540868535268068
2019-05-06,102.9160197384306,0.010059252663979624
2019-05-07,103.14467985502083,0.002221812669896913
2019-05-08,103.33595739065929,0.0018544585712740814
2019-05-09,104.50618655739001,0.011324510811921014
2019-05-10,105.4357928922145,0.008895227789352003
2019-05-13,104.94751816939298,-0.004631014852049984
2019-05-14,106.15319806697823,0.011488407907266455
2019-05-15,105.89685418740555,-0.0024148483911991137
2019-05-16,110.41804101241368,0.042694250548812186
2019-05-17,111.85823095493801,0.013043067322326572
2019-05-20,112.71291045116376,0.007640738539572022
2019-05-21,111.92191931183714,-0.0070177509937455924
2019-05-22,110.4670809957802,-0.01299868984558302
2019-05-23,110.51183677947256,0.0004051504148467284
2019-05-24,110.03156686798408,-0.004345868510419182
2019-05-27,109.33051005219674,-0.006371415365087708
2019-05-28,109.42589723777128,0.0008724662999284658
2019-05-29,110.26674431205808,0.0076841688806053585
2019-05-30,111.16654231250386,0.008160193774283666
2019-05-31,110.70422979863717,-0.004158737910252581
2019-06-03,114.44430541064725,0.03378439666499649
2019-06-04,113.85213052927384,-0.005174349909753686
2019-06-05,114.17266991296377,0.002815400837909984
2019-06-06,114.5519902548069,0.003322339243991322
2019-06-07,115.90140142176521,0.01177990154476344
2019-06-11,114.53147416337887,-0.011819764399579468
2019-06-12,114.38356118400708,-0.0012914614122646324
2019-06-14,114.57934109961056,0.0017116088498814505
2019-06-17,113.92540747564416,-0.005707255930175798
2019-06-18,113.89648693822694,-0.00025385502723275104
2019-06-19,113.49971354675176,-0.0034836315161359188
2019-06-20,111.96925437282206,-0.013484255828533897
2019-06-21,111.55845701819942,-0.0036688406734835034
2019-06-24,111.40828536395908,-0.001346125235631728
2019-06-25,110.75713992467895,-0.005844676965926764
2019-06-26,113.46360405341467,0.024436023994265872
2019-06-27,113.37321197360075,-0.0007966614542877119
2019-06-28,117.0766131140907,0.03266557483925119
2019-07-01,118.53493302814009,0.012456116343477323
2019-07-02,118.94110061960465,0.003426564482624937
2019-07-03,121.29006068124856,0.019748934972077723
2019-07-04,122.82372837739979,0.012644627989606902
2019-07-05,120.88457351585524,-0.015788112664892388
2019-07-08,121.08056882016747,0.0016213425635034386
2019-07-09,120.75239003993023,-0.002710416571668431
2019-07-11,121.58510687057762,0.0068960691409255545
2019-07-12,111.4329056495172,-0.08349872350621877
2019-07-15,111.6283967038329,0.00175433865944909
2019-07-16,111.75295460734343,0.001115826323663765
2019-07-17,112.03332334567268,0.00250882618105594
2019-07-18,112.25251536702096,0.001956489505108898
2019-07-19,112.47928376807126,0.0020201632035493525
2019-07-22,111.6487425228005,-0.007383948558770091
2019-07-23,111.57617250690978,-0.0006499850714922864
2019-07-24,111.93710085517922,0.003234815643520087
2019-07-25,111.62111694213766,-0.0028228702604185625
2019-07-26,110.89442089778474,-0.00651038140685892
2019-07-29,107.7850131421497,-0.028039352480149424
2019-07-30,107.84518086648174,0.0005582197615236529
2019-07-31,110.64661092444356,0.02597640465205547
2019-08-01,110.72326345880623,0.0006927689309437644
2019-08-02,109.98852279613378,-0.0066358291809725176
2019-08-05,110.7875868135903,0.007264976355192862
2019-08-06,111.15719057857143,0.003336147808716371
2019-08-07,111.66500670965276,0.004568450573806023
2019-08-08,113.44149354311884,0.01590907380756465
2019-08-09,112.26761716982041,-0.010347857178486759
2019-08-12,110.80487708938836,-0.013029047175905297
2019-08-13,110.78496110554539,-0.00017973923500581051
2019-08-14,111.22721181653988,0.003991974240737955
2019-08-15,110.87592331779432,-0.003158296364786865
2019-08-16,110.36974955831028,-0.004565227006347032
2019-08-19,110.29789334933255,-0.0006510498507540952
2019-08-20,110.88560292829497,0.005328384442493624
2019-08-21,110.89432636449497,7.867059356338672e-05
2019-08-22,110.14488669308298,-0.006758142602793546
2019-08-23,109.56184515024073,-0.005293405443930437
2019-08-26,109.01084496520372,-0.005029124731163645
2019-08-27,105.94136997835881,-0.02815751944519542
2019-08-28,105.72455117667576,-0.0020465923909360035
2019-08-29,106.74825385279034,0.009682733714365586
2019-08-30,107.53912869096247,0.007408784777526786
2019-09-02,109.7982605727494,0.021007533809196482
2019-09-03,111.02568062757345,0.011178866117016498
2019-09-04,112.17593206511238,0.010360228651939899
2019-09-05,112.88507369768708,0.006321691467320128
2019-09-06,112.6224852320186,-0.0023261575429512254
2019-09-09,111.15242360292473,-0.01305300292446356
2019-09-10,110.78657364541262,-0.00329142582458697
2019-09-11,108.58709220656509,-0.019853321268760205
2019-09-12,108.06836855485098,-0.004777028661264198
2019-09-13,107.06903462113637,-0.00924723808713165
2019-09-16,108.45547826121911,0.012949062677072453
2019-09-17,106.06313036989378,-0.022058340709754376
2019-09-18,106.08814402446076,0.00023583741569522902
2019-09-19,106.12697292956557,0.0003660060741174738
2019-09-20,107.47560616740084,0.012707733016471892
2019-09-23,107.82325965788637,0.003234719978634432
2019-09-24,108.08956136327316,0.0024697983183939415
2019-09-25,109.01446454152455,0.008556822384937999
2019-09-26,111.74590936783837,0.0250558018864864
2019-09-27,112.33619863178347,0.005282423914078415
2019-09-30,112.9487124258707,0.005452505973563557
2019-10-01,113.3669313236579,0.0037027327607798855
2019-10-02,113.36156076480925,-4.7373240026310576e-05
2019-10-03,113.31308387503864,-0.0004276307545835045
2019-10-04,114.28772963179247,0.008601352318931532
2019-10-07,114.89470577962726,0.005310947638826301
2019-10-08,112.84388546103783,-0.01784956325596924
2019-10-09,112.31415537316227,-0.004694362354781324
2019-10-10,111.11832380984978,-0.010647202566224697
2019-10-11,111.19558505028199,0.000695306028593723
2019-10-14,111.49987724103703,0.0027365492129694177
2019-10-15,110.93038118267285,-0.005107593590736142
2019-10-16,112.02024620731376,0.00982476588488605
2019-10-18,112.68624314441918,0.005945326489221131
2019-10-21,112.55933736118241,-0.0011261870100160744
2019-10-22,112.81891239575874,0.0023061172947687926
2019-10-23,112.66249497708162,-0.0013864467876486086
2019-10-24,113.52596639080524,0.0076642312412773875
2019-10-25,114.75758562514966,0.010848788814575315
2019-10-28,114.83865339442376,0.0007064262360738133
2019-10-29,115.09464978349475,0.0022291831321964114
2019-10-30,117.70545585123786,0.022683991590002724
2019-10-31,117.23064949668421,-0.004033851711629512
2019-11-01,115.37635372574667,-0.0158174997656222
2019-11-04,115.11080756354576,-0.002301564866853923
2019-11-05,116.92831783359105,0.015789223518755616
2019-11-06,118.5530567284309,0.013895170348316624
2019-11-07,115.52719392918324,-0.025523279472911293
2019-11-08,114.5550952049456,-0.008414458026510559
2019-11-11,115.25953892536216,0.006149387935615263
2019-11-12,116.15525867693228,0.00777132860257368
2019-11-13,114.66676225097041,-0.012814714055279123
2019-11-14,114.94770693304743,0.0024500969292403636
2019-11-15,113.54959934565005,-0.012162988063883017
2019-11-18,113.3934053623122,-0.0013755573268242123
2019-11-19,112.85039935571066,-0.004788691237083219
2019-11-20,118.155160003403,0.04700701705956263
2019-11-21,119.95282074334996,0.015214407393593164
2019-11-22,120.44483655899081,0.004101744440787858
2019-11-25,120.2493696472901,-0.0016228749798251698
2019-11-26,122.18681293431659,0.016111878945472315
2019-11-27,121.9685884009839,-0.0017859908781645117
2019-11-28,121.77970352249687,-0.0015486354393645398
2019-11-29,122.06759293697118,0.0023640180272003876
2019-12-02,121.82280601026696,-0.002005339179831393
2019-12-03,120.3943404099502,-0.011725765044324871
2019-12-04,119.8189241796405,-0.004779429235214592
2019-12-05,118.94959890825349,-0.007255325294722673
2019-12-06,119.14936245129908,0.0016793965249069158
2019-12-09,116.90053186612136,-0.018874046313902125
2019-12-10,116.35648896447795,-0.004653895863078325
2019-12-11,116.94867476636033,0.005089409341520851
2019-12-12,115.69836365293689,-0.010691109719039619
2019-12-13,114.90183582281743,-0.006884521137298259
2019-12-16,113.78055209827585,-0.00975862323271017
2019-12-17,114.15700454117423,0.0033085833734857488
2019-12-18,115.87539009101621,0.015052826208506573
2019-12-19,116.85569503331897,0.008459992596639666
2019-12-20,118.21239387673235,0.011610036147802254
2019-12-23,116.46042861251378,-0.01482048714828888
2019-12-24,115.48589451453306,-0.008367941880268901
2019-12-25,114.24693945846582,-0.010728193787435341
2019-12-26,113.53091527961936,-0.006267337945685329
2019-12-27,113.5520944579545,0.0001865498774758165
2019-12-30,113.38337373300884,-0.0014858442352035422
2019-12-31,113.10838822524856,-0.002425271878113314
2020-01-02,113.29858645243726,0.001681557222882012
2020-01-03,112.65241337755715,-0.0057032756993077955
2020-01-06,110.78691127161417,-0.016559805955427758
2020-01-07,110.79806943333581,0.00010071732836997682
2020-01-08,111.41871560364144,0.005601597333598472
2020-01-09,111.51729507369048,0.0008847658090021062
2020-01-10,110.67680184225676,-0.0075368868199172795
2020-01-13,112.00604301616892,0.012010115505566046
2020-01-14,112.30303533798119,0.002651574092028027
2020-01-15,112.62046599655984,0.00282655457729469
2020-01-16,111.76037536956069,-0.007637072173235507
2020-01-17,112.93246182831422,0.010487495723576167
2020-01-20,113.73992835255322,0.007149994883371431
2020-01-21,115.92418848320453,0.019203987221452178
2020-01-22,116.30198606322504,0.003259005604988416
2020-01-23,117.50658316592234,0.010357493826824498
2020-01-24,118.19726388366136,0.005877804452570614
2020-01-27,119.20460432688796,0.00852253605648684
2020-01-28,119.5848413507933,0.003189784707163222
2020-01-29,120.00905374558495,0.0035473759884603424
2020-01-30,119.51632629620352,-0.00410575230787159
2020-01-31,120.56708779762275,0.008791782127029824
2020-02-03,120.70612923691849,0.0011532288109098738
2020-02-04,117.23102932708069,-0.028789755183160192
2020-02-05,120.36308843788655,0.02671698038296031
2020-02-06,121.61629203948385,0.010411859797399885
2020-02-07,120.804697125716,-0.006673406170814365
2020-02-10,119.04969975001447,-0.01452755908882565
2020-02-11,119.87442598451223,0.0069275792902424235
2020-02-13,120.30307076263279,0.0035757816948873864
2020-02-14,120.35983388313704,0.0004718343442476607
2020-02-17,120.39905421871644,0.00032585900390543084
2020-02-19,121.39130139544314,0.008241320358914082
2020-02-20,120.33607163605664,-0.008692795507224859
2020-02-21,120.41954557694187,0.0006936734742156066
2020-02-24,122.52715264054166,0.017502200772325012
2020-02-25,124.33055449662326,0.014718385412678777
2020-02-26,125.0236774319131,0.005574839894312849
2020-02-27,128.56089445241366,0.028292377037356965
2020-02-28,129.89112552669005,0.010347089446929605
2020-03-02,129.621883761769,-0.002072826483174361
2020-03-03,129.65240208889603,0.00023544116349315952
2020-03-04,127.96666802053709,-0.013001950146693971
2020-03-05,127.27434989537947,-0.005410144187285596
2020-03-06,126.03816209961833,-0.009712780279587356
2020-03-09,127.11972974323251,0.008581271145157835
2020-03-10,127.29881092751671,0.001408759951314559
2020-03-11,127.0278749352195,-0.0021283466068783494
2020-03-12,125.89867225934002,-0.008889408536947837
2020-03-13,128.96597938908613,0.02436330006267064
2020-03-16,128.17436527826794,-0.006138162285651539
2020-03-17,128.52282354600496,0.0027186268251104587
2020-03-18,129.60584866312217,0.008426714316072746
2020-03-19,129.19602918003264,-0.0031620446709527865
2020-03-20,129.85027286761394,0.0050639612667168505
2020-03-23,128.92300391601682,-0.00714106278808119
2020-03-24,128.42797955441202,-0.00383968994336575
2020-03-25,127.8396786669392,-0.004580784417180437
2020-03-26,126.49782498981877,-0.010496378676110201
2020-03-27,128.26405211584523,0.013962509838952577
2020-03-30,127.62618690269613,-0.0049730630104605055
2020-03-31,127.99948936394043,0.002924967597197812
2020-04-01,129.215830828272,0.009502705599653945
2020-04-02,128.05149534864685,-0.00901078042962498
2020-04-03,128.47444638153806,0.0033029761326851467
2020-04-06,127.89001683419283,-0.00454899447949069
2020-04-07,128.03178794181832,0.0011085392834790729
2020-04-08,126.68345303534218,-0.01053125109124369
2020-04-09,127.3477353096381,0.005243638836641076
2020-04-10,127.30911488695888,-0.00030326744786877654
2020-04-13,127.1254982642652,-0.0014422896809604961
2020-04-14,129.02692032177052,0.014957047039868394
2020-04-15,129.14449631633514,0.0009112516540843686
2020-04-16,129.57224159712982,0.0033121448686974034
2020-04-17,130.39506929949553,0.006350339333667522
2020-04-20,129.6947958699944,-0.0053703980776506595
2020-04-21,127.0556628983287,-0.02034879621778487
2020-04-22,128.8345019234377,0.0140004702232945
2020-04-23,128.04332923113782,-0.006141000124097599
2020-04-24,122.76316594876758,-0.041237316415279585
2020-04-27,122.39039464926145,-0.003036507706730923
2020-04-28,122.54409595629964,0.001255828183892021
2020-04-29,122.56688386668533,0.00018595681993365784
2020-04-30,123.32228162542671,0.00616314729485187
2020-05-01,123.8416535915287,0.004211501435559812
2020-05-04,128.70789130371304,0.03929403049021633
2020-05-05,129.64352987172163,0.007269473212025288
2020-05-06,128.81984263342136,-0.00635347740928734
2020-05-07,129.26727284002894,0.0034733019188730955
2020-05-08,128.62344597744294,-0.0049805867211474295
2020-05-11,129.2150937620336,0.004599843987187286
2020-05-12,130.20737936374238,0.0076793319790969755
2020-05-13,131.13140726094684,0.007096586243573335
2020-05-14,130.9792932714452,-0.0011600118741875763
2020-05-15,131.21719279692044,0.0018163140106596414
2020-05-18,131.48791099565608,0.0020631305468837495
2020-05-19,130.8523053770487,-0.004833947195559062
2020-05-20,132.32785705992077,0.01127646684267659
2020-05-21,132.71681443958192,0.002939346168698372
2020-05-22,131.81062550466427,-0.006827988893074195
2020-05-25,130.79735668429927,-0.007687307578470953
2020-05-26,129.85679315994446,-0.007190997954377935
2020-05-27,129.24930889343025,-0.004678109259682441
2020-05-28,131.64725574721794,0.018552879503323887
2020-05-29,131.08366367666912,-0.004281077241982354
2020-06-01,132.16868754997162,0.008277338631447211
2020-06-02,131.94625431319207,-0.0016829495768083483
2020-06-03,130.78471462820062,-0.008803127387264676
2020-06-04,129.9042822376263,-0.00673192118113543
2020-06-05,132.09754575261505,0.016883689107159403
2020-06-08,136.8969616912682,0.036332362659040045
2020-06-09,136.639634384848,-0.0018797152489074802
2020-06-10,136.69899832371527,0.0004344562186112834
2020-06-11,137.69002385697786,0.0072496912590078065
2020-06-12,137.49201998344682,-0.00143804081068874
2020-06-15,138.61754001866748,0.008186075347181318
2020-06-16,138.04136080001456,-0.0041566111949132315
2020-06-17,137.89435531240665,-0.0010649379776895504
2020-06-18,136.5186377854651,-0.009976605088908944
2020-06-19,136.5736706281357,0.0004031159668986153
2020-06-22,137.11693065084887,0.003977780052440614
2020-06-23,138.1088807438565,0.007234337060341
2020-06-24,138.89461585646987,0.005689243938415723
2020-06-25,137.369194546134,-0.010982580576861255
2020-06-26,137.6631872685234,0.0021401648554519124
2020-06-29,136.14651711911552,-0.011017252901819468
2020-06-30,136.0725847012145,-0.0005430356902655215
2020-07-01,138.99482322281818,0.021475586195560736
2020-07-02,138.99320978957218,-1.1607865736326533e-05
2020-07-03,138.73586616520578,-0.001851483426823513
2020-07-06,139.2571977119221,0.0037577272635147575
2020-07-07,139.65503481295386,0.0028568512620421793
2020-07-08,137.86073337599808,-0.012848097022488078
2020-07-09,137.3649272253586,-0.0035964276302463804
2020-07-10,136.8892108015366,-0.003463157833888405
2020-07-13,137.50304622901473,0.004484176830912352
2020-07-14,136.6216956743802,-0.006409680212950545
2020-07-15,138.3113378894154,0.012367305256276797
2020-07-16,138.20408005888126,-0.0007754811150758677
2020-07-17,137.8426854737731,-0.002614934269337244
2020-07-20,136.5864628150662,-0.009113451717725731
2020-07-21,136.9919006145346,0.0029683600491018747
2020-07-22,135.4264965311575,-0.011426982736605449
2020-07-23,131.60200955728885,-0.02824031538753401
2020-07-24,129.6876034498505,-0.01454693673659262
2020-07-27,128.17407455183286,-0.01167057496442136
2020-07-28,131.34232905909047,0.02471837240358904
2020-07-29,133.71115119726178,0.01803548144106365
2020-07-30,132.86969330571736,-0.006293101839374841
2020-07-31,133.00639371330863,0.0010288306098270854
2020-08-03,133.44007655810813,0.003260616521445687
2020-08-04,134.19593063322117,0.005664370814295005
2020-08-05,134.14591274828368,-0.00037272281433183924
2020-08-06,134.06401707607256,-0.0006104969621010247
2020-08-07,137.56164911885512,0.02608926779210159
2020-08-10,137.8556941981833,0.002137551281274206
2020-08-11,139.56612503697494,0.01240740071521956
2020-08-12,138.4767305209945,-0.007805579725680816
2020-08-13,135.36130356364302,-0.022497837330721457
2020-08-14,137.1050621357448,0.012882253097406874
2020-08-17,136.7017319133852,-0.0029417602536095013
2020-08-18,137.62444836148862,0.006749851923515081
2020-08-19,132.46080861164444,-0.03751978526577784
2020-08-20,132.1593559367861,-0.0022757876689559232
2020-08-21,131.96023755440166,-0.00150665369828
2020-08-24,133.05703309936789,0.008311560855701694
2020-08-25,135.45231119394222,0.01800189015777533
2020-08-26,133.48426766762637,-0.014529420051740334
2020-08-27,135.08410551879257,0.011985216528660757
2020-08-28,132.54837646204612,-0.018771483491769533
2020-08-31,131.92208986728946,-0.004724966170641799
2020-09-01,130.66072300629753,-0.009561452992905603
2020-09-02,133.02088524446216,0.01806328775672622
2020-09-03,133.01987680955904,-7.581026853743044e-06
2020-09-04,133.56346112947756,0.004086489425161374
2020-09-07,132.9898323662667,-0.004294803072337021
2020-09-08,120.18219749814685,-0.09630536891607183
2020-09-10,119.48367571213421,-0.005812190162552192
2020-09-11,119.5041164169242,0.0001710752926552618
2020-09-14,119.14375989295954,-0.003015431892801627
2020-09-15,118.00654654831891,-0.009544883808118155
2020-09-16,118.52218217691434,0.004369551043376421
2020-09-17,119.29721815340932,0.006539163912271771
2020-09-18,118.21641616143754,-0.009059741783600764
2020-09-21,118.74362570508008,0.004459698244637774
2020-09-22,117.35767160886432,-0.011671818912267462
2020-09-23,115.77994273894616,-0.01344376424897463
2020-09-24,115.84809100024609,0.0005886016151657557
2020-09-25,115.46060529407877,-0.0033447742023344777
2020-09-28,115.21606057118079,-0.0021179927324573955
2020-09-29,115.99049188566725,0.006721556965645602
2020-09-30,116.52280573777574,0.004589288686120715
2020-10-01,116.68173983012724,0.0013639741280276581
2020-10-02,118.08210750682721,0.012001600925206557
2020-10-05,119.72911113717142,0.013947952531665109
2020-10-06,120.48946142825653,0.006350588289375888
2020-10-07,120.73721345451098,0.0020562132431970006
2020-10-08,120.86103863759223,0.0010255759557337533
2020-10-09,122.76117092370866,0.0157216279748685
2020-10-12,123.35989376915224,0.0048771353428656745
2020-10-13,124.06696780392099,0.005731798343568153
2020-10-14,124.95642125186394,0.007169139890229822
2020-10-15,124.31537009736293,-0.005130197776782639
2020-10-16,122.98158457609114,-0.01072904758460024
2020-10-19,124.63391132099125,0.013435562329071945
2020-10-20,124.80534761932374,0.0013755188817830598
2020-10-21,126.23310798839846,0.011439897378673458
2020-10-22,126.34485461090257,0.0008852402058767658
2020-10-23,128.15303523122995,0.014311470189236836
2020-10-26,128.8409383758589,0.00536782561090125
2020-10-27,129.59897968758287,0.005883543858649652
2020-10-28,128.31698732674695,-0.009891994241978862
2020-10-29,130.49309717339102,0.016958860178838152
2020-10-30,129.3399223274011,-0.008837056296224185
2020-11-02,131.64650258598,0.017833474901432098
2020-11-03,131.0832270513228,-0.004278697296111594
2020-11-04,135.35481826031477,0.03258686336215612
2020-11-05,133.33304271235696,-0.014936856876934572
2020-11-06,132.97638800122715,-0.002674916163874205
2020-11-09,133.2399186333697,0.001981785158280314
2020-11-10,132.38233434059524,-0.0064363915977333
2020-11-11,133.09873954946045,0.0054116375302920156
2020-11-12,134.98909438506243,0.014202650167844067
2020-11-16,133.0612626326617,-0.014281388886879196
2020-11-17,133.46687866922312,0.0030483405052392663
2020-11-18,132.89561456731244,-0.004280193764975273
2020-11-19,132.53398580817287,-0.0027211489281792644
2020-11-20,133.18045567659743,0.004877766743997618
2020-11-23,134.21224584319006,0.007747309177993456
2020-11-24,136.4816400747641,0.016908995280695286
2020-11-25,136.20676128863016,-0.002014034898638084
2020-11-26,135.56597108811243,-0.004704540321312282
2020-11-27,134.99920152832513,-0.0041807656835867145
2020-11-30,135.42799921267,0.0031762979298428557
2020-12-01,135.91664637985045,0.003608169433361693
2020-12-02,136.56796907416182,0.00479207449315003
2020-12-03,134.65429039376545,-0.014012646547867985
2020-12-04,134.28251543256715,-0.0027609588978643744
2020-12-07,132.59903444133835,-0.012536859216598462
2020-12-08,132.44928512013888,-0.0011293394543211662
2020-12-09,132.26475783615058,-0.0013931919966265196
2020-12-10,133.0987579873312,0.006305535690873659
2020-12-11,133.58993421487938,0.003690314131968977
2020-12-14,134.15658186212403,0.004241694185829921
2020-12-15,131.92394862972588,-0.016641995505614994
2020-12-16,134.07825966609684,0.016329946599896807
2020-12-17,135.7838379854155,0.012720767136791156
2020-12-18,136.40133823148457,0.004547671175235173
2020-12-21,136.60682542177076,0.001506489547319954
2020-12-22,137.1519223119596,0.003990261017382315
2020-12-23,136.6801632589422,-0.0034396823979205727
2020-12-24,137.62023032537095,0.0068778602835570714
2020-12-25,137.89413732062175,0.001990310542303162
2020-12-28,137.9535159505209,0.00043061025691854845
2020-12-29,137.86566474317522,-0.0006368174579706235
2020-12-30,138.9671987880156,0.007989908487311865
2020-12-31,138.07926561242172,-0.006389516255187379
2021-01-01,136.44523895456732,-0.011833975583568185
2021-01-05,134.8097828668728,-0.01198617189009479
2021-01-06,135.15013719635965,0.00252470052431561
2021-01-07,135.0871359529589,-0.000466157450578289
2021-01-08,135.52025240731908,0.0032062005853095996
2021-01-11,134.4838474000268,-0.0076476023980331246
2021-01-12,134.63525045560482,0.0011258084781560667
2021-01-14,134.00649822819156,-0.00467004165168885
2021-01-15,134.4670160755038,0.003436533700985418
2021-01-18,135.3814988936387,0.006800796543454391
2021-01-19,136.66297690167923,0.009465680454958731
2021-01-20,135.86815304410055,-0.005815941344161539
2021-01-21,138.5114693371509,0.019455010124354834
2021-01-22,139.75311422859232,0.008964202729082965
2021-01-25,139.71347221292834,-0.0002836574761340746
2021-01-26,138.74668726264662,-0.006919768974092347
2021-01-27,140.81156810750278,0.014882379432579534
2021-01-28,140.45738441068195,-0.002515302553483455
2021-01-29,139.88153450217587,-0.004099819393064925
2021-02-01,142.4955929570484,0.018687659269507596
2021-02-02,142.21273272109144,-0.001985045502721025
2021-02-03,146.3028639534965,0.02876065422655711
2021-02-04,145.1723963802256,-0.0077268998208419514
2021-02-05,147.04792606972353,0.012919327201747773
2021-02-08,148.28562735819403,0.008416992483686084
2021-02-09,142.5638581089681,-0.03858613509052114
2021-02-10,142.34120921041918,-0.0015617485490520098
2021-02-11,142.8292508531216,0.0034286742778823964
2021-02-12,144.1944964123501,0.009558585171271566
2021-02-15,142.81665732986266,-0.009555420746068249
2021-02-16,143.9846047503348,0.008177949563505827
2021-02-17,142.92295164618523,-0.007373379299755286
2021-02-18,142.15463881447448,-0.005375713437634272
2021-02-19,142.2088069486741,0.0003810507673287821
2021-02-22,139.06250804626532,-0.022124501076394833
2021-02-23,140.04364605799898,0.007055374058169816
2021-02-24,140.8394280297461,0.005682385414455537
2021-02-25,139.18947801117537,-0.011715114450920976
2021-02-26,137.3702991232779,-0.013069801783087477
2021-03-01,137.13615730591647,-0.001704457359820621
2021-03-02,138.06992908425437,0.006809085194467661
2021-03-03,137.21956168350363,-0.006158961668125725
2021-03-04,137.4329304273602,0.0015549440709386785
2021-03-05,135.16938730329935,-0.016470165607486754
2021-03-08,133.34743890518382,-0.01347900167681712
2021-03-09,132.64456232379763,-0.005271016730107446
2021-03-10,133.11141627423473,0.0035195860445259826
2021-03-11,128.37756973495254,-0.03556303938295991
2021-03-12,127.79726255436093,-0.004520315985025484
2021-03-15,129.3089976767855,0.011829166698946564
2021-03-16,130.6241229387351,0.010170407980710103
2021-03-17,131.49772671604725,0.006687920712178534
2021-03-18,130.73298347266822,-0.005815638509328624
2021-03-19,130.54063686088483,-0.0014712936756592315
2021-03-22,129.6390661599111,-0.00690643712681214
2021-03-23,128.28098388905153,-0.010475872058383661
2021-03-24,130.11601130764632,0.014304750111535324
2021-03-25,133.37000649912943,0.02500841486594109
2021-03-26,123.29695969822012,-0.07552707737908874
2021-03-29,121.68126279725047,-0.013104109824964176
2021-03-30,122.48919302497046,0.006639725863678763
2021-03-31,121.19284874489664,-0.010583335950376789
2021-04-01,120.69011811546446,-0.004148187245688078
2021-04-02,119.81588064954816,-0.0072436540751408054
2021-04-05,119.42616293742626,-0.0032526382146437368
2021-04-06,121.48905068911586,0.017273331914468892
2021-04-07,122.2553042641998,0.006307182175986645
2021-04-08,118.9195026255516,-0.02728553708753078
2021-04-09,118.57842272821748,-0.0028681577857594246
2021-04-12,118.86532120757865,0.0024194830118353865
2021-04-13,119.32514118113531,0.0038684114835619314
2021-04-14,119.6840936478331,0.003008188074572753
2021-04-15,120.04410421097103,0.003008006763181459
2021-04-19,116.1960027324654,-0.0320557307149611
2021-04-20,115.9548637666979,-0.002075277635175665
2021-04-21,118.93605586051379,0.02570993571959226
2021-04-22,118.40020073913647,-0.004505405173396361
2021-04-23,118.42453185875735,0.00020549897271270872
2021-04-26,118.36267637491267,-0.0005223198510799794
2021-04-27,118.88311742495841,0.004397003058609756
2021-04-28,120.90890643237483,0.01704017400700444
2021-04-30,120.97677179669022,0.0005612933432106547
2021-05-03,121.42454535151283,0.003701318428095637
2021-05-04,121.25999667026575,-0.0013551517180544939
2021-05-05,121.62210720903074,0.0029862324650202572
2021-05-06,120.84583989206689,-0.006382616900640344
2021-05-07,121.40863919078477,0.004657167339980603
2021-05-10,121.44042273820048,0.00026178983330628493
2021-05-11,119.77099872544301,-0.013746856072433086
2021-05-12,120.00922829144814,0.001989042159957563
2021-05-14,120.2888426362496,0.002329940361939365
2021-05-17,121.09073663731851,0.006666403828440034
2021-05-18,120.83859452363592,-0.0020822576580550155
2021-05-19,123.57541315390151,0.02264854735405143
2021-05-20,122.30091368998347,-0.01031353593235219
2021-05-21,121.98785491740757,-0.002559741895056204
2021-05-24,122.53003624204612,0.004444551672833499
2021-05-25,120.67930691412417,-0.015104291034942981
2021-05-26,119.53421839814906,-0.009488689861219873
2021-05-27,120.23378119404491,0.005852406158425166
2021-05-28,120.97776037174907,0.006187771608908042
2021-05-31,115.34751595892534,-0.046539499454467725
2021-06-01,115.75141272915906,0.0035015645276449225
2021-06-02,116.53951987860007,0.006808617975877925
2021-06-03,116.18582657109806,-0.0030349645156463206
2021-06-04,115.72204535235282,-0.0039917194070263695
2021-06-07,115.3367515984429,-0.0033294758378731673
2021-06-08,113.77409420182568,-0.013548651015053585
2021-06-09,112.5004938884125,-0.011194115166093279
2021-06-10,111.6881485783002,-0.007220815500757286
2021-06-11,113.39931747925182,0.015320953232132537
2021-06-14,113.88511762254561,0.004283977664880266
2021-06-15,110.41014007808701,-0.03051300834561967
2021-06-16,111.33512683093558,0.008377733713537382
2021-06-17,114.52343310319668,0.028637020166174445
2021-06-18,112.98197994446343,-0.013459718390944972
2021-06-21,112.07028039105332,-0.008069424468028129
2021-06-22,111.17299863547221,-0.00800642018963615
2021-06-23,111.21924036395396,0.00041594388070239984
2021-06-24,116.58533829731826,0.04824792828834514
2021-06-25,117.9030137145002,0.011302239513356271
2021-06-28,117.4777016946128,-0.0036073040585484707
2021-06-29,117.92357514688715,0.0037953879403717673
2021-06-30,117.20795076424086,-0.006068543815389619
2021-07-01,119.70106721908567,0.021270881698628317
2021-07-02,121.1022178378895,0.011705414591160953
2021-07-05,120.55589941117918,-0.004511217353934989
2021-07-06,121.04515810215113,0.004058355446407763
2021-07-07,125.85779802296682,0.039759045270974375
2021-07-08,127.78199125381661,0.015288629398225012
2021-07-09,126.30585035131176,-0.011552026134674523
2021-07-12,124.73052219231164,-0.012472329307141759
2021-07-13,125.45685988232383,0.005823255424941629
2021-07-14,126.19790941467419,0.005906807591433848
2021-07-15,126.79768509835382,0.004752659425670943
2021-07-16,125.12161767712998,-0.013218438648337811
2021-07-19,125.62680979512406,0.004037608587332486
2021-07-20,124.54152479174012,-0.008638960148346154
2021-07-21,125.70633185647522,0.009352760588750593
2021-07-22,126.2820816408693,0.004580117611350312
2021-07-23,126.22674253640072,-0.0004382181838429007
2021-07-26,127.17770180877098,0.007533738518967366
2021-07-27,126.85036163631358,-0.002573880230589464
2021-07-28,128.67732203571066,0.01440248475313801
2021-07-29,126.97445351459267,-0.013233633511936231
2021-07-30,127.45018596378657,0.003746678454018561
2021-08-02,125.47245536843661,-0.015517675242246405
2021-08-03,127.93548474569451,0.019630040474026656
2021-08-04,127.80041199721252,-0.001055787991505971
2021-08-05,128.24514679599815,0.0034799167845822204
2021-08-06,127.49697770875636,-0.0058338978583876025
2021-08-09,127.66705724265488,0.0013339887498120503
2021-08-10,125.42526385572805,-0.01755968560210401
2021-08-11,125.39825788717529,-0.00021531522216947294
2021-08-12,125.04078958650223,-0.002850664009979241
2021-08-13,125.93920898413027,0.007185010592135804
2021-08-16,126.55460369692506,0.004886442576214278
2021-08-17,125.28815155325586,-0.010007159808284124
2021-08-18,126.01700160384928,0.005817390084836562
2021-08-19,125.96902688780214,-0.0003807003454816984
2021-08-20,126.42349803755661,0.003607800750570721
2021-08-23,126.7284293581934,0.002411982941226521
2021-08-24,125.96068295681846,-0.0060582018199319765
2021-08-25,125.94599093358829,-0.00011663975524163253
2021-08-26,126.11677714789707,0.001356027397480454
2021-08-27,127.40564765491538,0.010219659399533041
2021-08-30,127.38364240105004,-0.00017271804092188313
2021-08-31,129.06185075226966,0.013174441549849723
2021-09-01,128.93421969033767,-0.0009889139291592353
2021-09-02,129.80242121527826,0.006733678049363045
2021-09-03,130.37358338892494,0.004400242832908337
2021-09-07,130.34995809361897,-0.00018121228773377765
2021-09-08,130.05201856240956,-0.0022856895051352566
2021-09-10,130.52973750957844,0.003673291291050846
2021-09-13,131.6016797904484,0.008212245740487489
2021-09-14,131.73422702637913,0.0010071849853418083
2021-09-15,130.46076948771668,-0.009666869175977063
2021-09-16,130.5525555150547,0.0007035527055256834
2021-09-17,128.41253216588336,-0.016392044879769144
2021-09-20,129.31229339520397,0.0070068023279711905
2021-09-21,128.3435123328542,-0.007491793988905448
2021-09-22,129.94483882005588,0.012476879104326582
2021-09-23,130.24101772626096,0.0022792664094588868
2021-09-24,129.83257788248645,-0.0031360308058478222
2021-09-27,128.05936448258706,-0.013657692305118976
2021-09-28,127.04555194941949,-0.00791673875053019
2021-09-29,126.86562212030239,-0.0014162623276156078
2021-09-30,128.09342140381148,0.00967795107129036
2021-10-01,128.68496917101078,0.004618096391807993
2021-10-04,129.19041633017568,0.003927787078949396
2021-10-05,128.94477784507833,-0.0019013677026130963
2021-10-06,125.93112055686753,-0.023371689327594203
2021-10-07,122.44174586181859,-0.027708597204717262
2021-10-08,124.06780805956332,0.013280292487660326
2021-10-11,124.35775707670376,0.0023370205509011155
2021-10-12,121.46950644053433,-0.023225335548533264
2021-10-13,120.44412967635498,-0.008441433527033663
2021-10-15,122.12658270188645,0.013968742437280976
2021-10-18,124.43122642182156,0.01887094250037928
2021-10-19,124.46505465248869,0.0002718628726882066
2021-10-20,124.30255545482203,-0.001305580896745328
2021-10-21,123.9585919857327,-0.002767147206513858
2021-10-22,123.9523424819858,-5.0416059482434054e-05
2021-10-25,125.82805243876598,0.015132509150061393
2021-10-26,124.71330412184152,-0.008859298823423876
2021-10-27,124.1488918458503,-0.0045256781541109644
2021-10-28,124.55746632661322,0.003291003847785001
2021-10-29,123.50328844581114,-0.008463385711763189
2021-11-01,123.15893172189587,-0.0027882393112662073
2021-11-02,129.70878021338535,0.05318208269522541
2021-11-03,129.11660367669106,-0.004565431389610789
2021-11-04,129.03136541040595,-0.000660165028027739
2021-11-05,128.41857036282335,-0.004749194474021946
2021-11-08,130.43575277922176,0.015707871616225017
2021-11-09,131.4594485102157,0.00784827556235038
2021-11-10,133.6170904219333,0.01641298465929544
2021-11-11,136.98966162767158,0.025240567618172484
2021-11-12,136.61557943712447,-0.002730733006435557
2021-11-15,136.61290043895158,-1.9609755958413247e-05
2021-11-16,135.1892668832157,-0.010420930608760884
2021-11-17,135.83274650276448,0.004759842511052567
2021-11-18,140.95376802329042,0.037700934806775055
2021-11-19,142.0517555298199,0.007789699572614711
2021-11-22,142.1085147728475,0.0003995673465343693
2021-11-23,139.87283140228456,-0.01573222670109939
2021-11-24,138.1635951453849,-0.012219930345041378
2021-11-25,138.2806689386393,0.0008473563034547926
2021-11-26,136.3128203279366,-0.014230829412431431
2021-11-29,136.1278773715176,-0.0013567539426891748
2021-11-30,135.73376130005838,-0.0028951900159555582
2021-12-01,136.92961430501768,0.008810284143793147
2021-12-02,138.5241212631017,0.011644719560314994
2021-12-03,137.95515614930213,-0.004107336026474101
2021-12-06,138.65124379370542,0.0050457530101299395
2021-12-07,144.10097453057645,0.03930531445487445
2021-12-08,143.94665335458836,-0.0010709238885498054
2021-12-09,142.57757520012183,-0.009511010659581202
2021-12-10,142.1200772409778,-0.003208765182756899
2021-12-13,139.4231841025253,-0.01897615868783734
2021-12-14,138.75202102902117,-0.004813855585241642
2021-12-15,139.5664026161193,0.0058693313514170875
2021-12-16,140.08185812372392,0.00369326355012817
2021-12-17,136.68091896201838,-0.024278227082780064
2021-12-20,138.8122544432298,0.015593511496682718
2021-12-21,138.77090736710497,-0.00029786329953821475
2021-12-22,137.75401754918744,-0.0073278314396796355
2021-12-23,138.63041425720672,0.00636204100331493
2021-12-24,138.61747813816066,-9.331371557502517e-05
2021-12-27,137.9837021547493,-0.004572121726090664
2021-12-28,137.76237956544765,-0.0016039763091254134
2021-12-29,133.3805053261297,-0.031807480773342965
2021-12-30,133.08333050891076,-0.002228022877048686
2021-12-31,130.92177095540987,-0.0162421510284953
2022-01-03,129.06067502085142,-0.014215328138146875
2022-01-04,132.7863080280733,0.02886729832011153
2022-01-05,133.78842351576003,0.007546828453690092
2022-01-06,134.1579542464371,0.002762053105689919
2022-01-07,134.26026222619163,0.0007625934692370075
2022-01-10,137.18601533996386,0.021791653503872393
2022-01-11,137.03261180767893,-0.0011182155258666457
2022-01-12,137.63944319478574,0.0044283720429882075
2022-01-13,135.06257003498442,-0.01872190921431244
2022-01-14,135.28583402198976,0.0016530411567579745
2022-01-17,135.84814045255527,0.004156432450082994
2022-01-18,134.71441188173273,-0.008345558261200467
2022-01-19,134.5867894701276,-0.0009473552964559382
2022-01-20,132.93288690528183,-0.012288743727057117
2022-01-21,130.9158841471482,-0.015173090760985112
2022-01-24,130.91918506851877,2.5214063152471103e-05
2022-01-26,131.51605731322462,0.004559089215178618
2022-01-27,131.87047785034528,0.0026948841408508542
2022-01-28,129.76444256446902,-0.015970483463829694
2022-01-31,128.24578112453585,-0.011703217074882998
2022-02-01,127.6878471271908,-0.004350505665393012
2022-02-02,128.7196568094216,0.008080719547279886
2022-02-03,126.32396751366417,-0.018611681814102422
2022-02-04,125.4239604227304,-0.00712459487022059
2022-02-07,126.2114735006288,0.006278808891412295
2022-02-08,126.24738999440535,0.00028457392010701715
2022-02-09,125.27907302093311,-0.007669995977858605
2022-02-10,124.80481992726007,-0.0037855731387299724
2022-02-11,125.55071178186293,0.00597646673451854
2022-02-14,124.56564896615083,-0.007845935731719192
2022-02-15,127.99445617259697,0.027526105590939244
2022-02-16,129.5126508519418,0.011861409663693456
2022-02-17,129.90074856970014,0.0029966008355583546
2022-02-18,131.22514703205394,0.010195464436782516
2022-02-21,132.22558310112277,0.007623813664498713
2022-02-22,133.17713853450218,0.007196454808988565
2022-02-23,132.65282102711268,-0.00393699333954136
2022-02-24,132.1823242593215,-0.00354682821027241
2022-02-25,135.1341379807287,0.02233138006876161
2022-02-28,135.02134683063133,-0.000834660669633655
2022-03-01,134.17294489933025,-0.006283465179511818
2022-03-03,135.01766715445564,0.0062957718917116485
2022-03-04,135.1393120116915,0.0009009551105390533
2022-03-07,136.7386080922292,0.011834425207073413
2022-03-08,136.39460207671488,-0.002515792871624954
2022-03-09,135.76906591323902,-0.004586223750438606
2022-03-10,136.08091341425188,0.002296896564141693
2022-03-11,138.5272944705283,0.01797740031939102
2022-03-14,137.13036744575507,-0.010084128403088359
2022-03-15,135.64709601303815,-0.010816505930414382
2022-03-16,135.29457999347713,-0.0025987730657142335
2022-03-17,134.33983756266935,-0.0070567677644870165
2022-03-18,134.79872715343336,0.0034158861517899555
2022-03-21,134.34100635678885,-0.003395586934018374
2022-03-22,133.05831809484036,-0.009548002480656213
2022-03-23,162.44963755118297,0.22089050784027858
2022-03-24,162.93363475283823,0.0029793676917423116
2022-03-25,162.1700239424092,-0.004686637056783195
2022-03-28,163.26463127645172,0.006749751325382303
2022-03-29,164.16709516000822,0.005527614134799318
2022-03-30,163.09715168073674,-0.006517405197604503
2022-03-31,162.34053614619773,-0.00463904811789785
2022-04-01,160.786607203589,-0.009572032836021357
2022-04-04,160.17028537854355,-0.003833166429496453
2022-04-05,161.02106680354126,0.005311730718260298
2022-04-06,164.39218516628335,0.020935883916699857
2022-04-07,165.50058889462136,0.0067424356408233915
2022-04-08,164.42619593007208,-0.006491777290492815
2022-04-11,160.9949455796895,-0.020868027329671125
2022-04-12,164.0324893115747,0.01886732357309743
2022-04-13,165.17152280747266,0.006943950559296825
2022-04-14,164.41683760723888,-0.0045690999719937555
2022-04-15,165.5766133509883,0.007053874533944811
2022-04-18,166.25251421717593,0.0040821034595921925
2022-04-19,165.41877327811116,-0.005014907251120736
2022-04-20,170.733482233741,0.03212881373926318
2022-04-21,172.33568012000322,0.009384204347620112
2022-04-22,170.97336652944554,-0.007905000227515483
2022-04-25,172.4014889634381,0.008352894155281218
2022-04-26,173.51588365824398,0.006463950523317085
2022-04-27,171.95321638971365,-0.00900590329590894
2022-04-28,170.5558833329471,-0.008126239718596766
2022-04-29,170.45301470810827,-0.0006031373578478873
2022-05-02,171.24092766700943,0.004622464203700923
2022-05-03,170.678849801851,-0.0032823804029573633
2022-05-04,170.12771717639822,-0.0032290622188549177
2022-05-05,169.46119905858862,-0.003917751492065864
2022-05-06,169.3075889565893,-0.0009064617909744623
2022-05-09,169.104004869148,-0.0012024510460277237
2022-05-10,167.9623080121395,-0.006751447772582184
2022-05-11,161.9561643083519,-0.03575887813683481
2022-05-12,162.7894823864654,0.00514533103245742
2022-05-13,161.25939812983083,-0.009399159172962596
2022-05-16,160.31507878244523,-0.005855902715358805
2022-05-17,159.61619104953527,-0.0043594634903829105
2022-05-18,159.08368907248703,-0.0033361401092637725
2022-05-19,158.08207185979558,-0.006296165361334095
2022-05-20,158.96352646071793,0.005575930214933667
2022-05-23,158.80362783127606,-0.001005882500231188
2022-05-24,157.86429266265193,-0.005915073738883045
2022-05-25,157.62090668276244,-0.00154174180737364
2022-05-26,156.53635161568187,-0.006880781806841225
2022-05-27,155.1952041718129,-0.00856764214846199
2022-05-30,156.00891219617955,0.005243126092129807
2022-05-31,157.2248924528098,0.007794299950641034
2022-06-01,156.29336566205984,-0.005924804757170109
2022-06-02,154.57433501354112,-0.01099874355662447
2022-06-03,154.9284306154843,0.0022907787499921836
2022-06-06,154.15892223952932,-0.004966863556920848
2022-06-07,153.7385141577947,-0.0027271083348741295
2022-06-09,153.0835641247493,-0.004260155866819115
2022-06-10,153.12853488043694,0.0002937660613323347
2022-06-13,153.71161437964554,0.0038077782149739245
2022-06-14,154.5422519301911,0.0054038697979841045
2022-06-15,158.03741975099547,0.02261626045402262
2022-06-16,157.68753478039,-0.0022139375038945767
2022-06-17,158.86484298134485,0.007466082861872894
2022-06-20,162.80348050810034,0.02479237981696173
2022-06-21,162.6137624511112,-0.0011653194169869195
2022-06-22,162.64057331973626,0.00016487453596142815
2022-06-23,165.64620467139508,0.01848020632434705
2022-06-24,165.50479774325652,-0.0008536683856964953
2022-06-27,163.58281091811835,-0.011612876794784392
2022-06-28,162.80774766217493,-0.0047380482802155555
2022-06-29,162.88184504978216,0.00045512199923662005
2022-06-30,160.77646536313765,-0.012925809417255964
2022-07-01,160.462125930645,-0.0019551333696923253
2022-07-04,161.2710837803869,0.005041425476885223
2022-07-05,161.5920912284889,0.0019904836042346397
2022-07-06,159.45552390999003,-0.013221979505654045
2022-07-08,156.83159441443598,-0.01645555720625406
2022-07-11,158.265942774034,0.009145787014111777
2022-07-12,158.12251274186352,-0.0009062596137645628
2022-07-13,153.9819493750247,-0.026185792870609993
2022-07-14,154.194042723411,0.0013773909815218495
2022-07-15,153.27096279646508,-0.00598648242592426
2022-07-19,153.18170725027002,-0.000582338262685716
2022-07-20,151.8199254243301,-0.008889976815018862
2022-07-21,152.16091094263885,0.002245986601269125
2022-07-22,154.1350199739215,0.012973825005732522
2022-07-25,153.88477258893428,-0.0016235595585581725
2022-07-26,155.00729306777464,0.007294552020679139
2022-07-27,155.22082619027586,0.0013775682309854582
2022-07-28,156.3694292970216,0.007399800239033516
2022-07-29,155.9800488757672,-0.002490131370338388
2022-08-01,156.04998052952376,0.00044833717043055697
2022-08-02,155.66849479485867,-0.00244463814330896
2022-08-03,152.96019371675987,-0.017397875412541307
2022-08-04,151.4677838028263,-0.009756851620475336
2022-08-05,153.18753814115001,0.011353928176320641
2022-08-08,153.67421004619013,0.0031769679893391004
2022-08-09,154.10393534142406,0.0027963397053074918
2022-08-10,154.32816203960465,0.0014550355101821742
2022-08-11,154.31894481020018,-5.972486993068215e-05
2022-08-12,150.3258995173247,-0.02587527602516097
2022-08-15,148.9908346209938,-0.008881136920634298
2022-08-16,149.46892523903418,0.00320885925135274
2022-08-17,150.59279026830393,0.007519054729753752
2022-08-18,152.12895830315904,0.010200807303710993
2022-08-19,146.96916168997237,-0.0339172546156819
2022-08-22,148.0374356630542,0.007268694743835539
2022-08-23,147.81636004811244,-0.0014933764149016192
2022-08-24,149.48182529433154,0.011267123921039601
2022-08-25,145.62893487659863,-0.02577497572127264
2022-08-26,147.15149718496508,0.010455080988243385
2022-08-29,146.91618598980492,-0.00159910839958626
2022-08-30,146.4224103176118,-0.0033609344597838307
2022-08-31,146.3680601828248,-0.0003711872702346229
2022-09-01,146.00923320722447,-0.0024515387793765772
2022-09-02,145.79859789803774,-0.0014426163644580602
2022-09-05,148.7462826334536,0.02021751085341225
2022-09-06,147.82088110460145,-0.006221342224279655
2022-09-08,146.30881598618294,-0.010229036027383485
2022-09-09,145.90586672710737,-0.002754101018175242
2022-09-12,146.4132272460667,0.003477314040485208
2022-09-13,147.07631876865324,0.004528904492161203
2022-09-14,146.44406532243,-0.004298812014854429
2022-09-15,146.54442526025613,0.0006853124270018486
2022-09-16,146.02483296734675,-0.003545629879721654
2022-09-19,145.6704929242836,-0.002426573863243972
2022-09-20,144.219339571917,-0.00996188948932067
2022-09-21,142.50027129255776,-0.01191981799710034
2022-09-22,142.73522525826849,0.0016487966203822275
2022-09-23,142.18796219644867,-0.0038341135541669763
2022-09-26,143.35686940184743,0.00822085911734049
2022-09-27,143.11983659415876,-0.0016534457586696476
2022-09-28,143.36396607528837,0.001705769702783307
2022-09-29,149.66214048940273,0.0439313628558992
2022-09-30,149.38229404513257,-0.0018698546162378871
2022-10-03,148.0681649531227,-0.0087970873684188
2022-10-04,147.35267720699753,-0.004832151099810829
2022-10-05,146.87118268702477,-0.0032676333345225883
2022-10-06,146.01551283957127,-0.005825988677962013
2022-10-07,145.12721116605977,-0.006083611639863818
2022-10-10,150.71868535521503,0.03852808955832048
2022-10-11,148.76751165240654,-0.012945798314322752
2022-10-13,149.68166350058928,0.006144835240093763
2022-10-14,149.77949991241113,0.0006536299071893353
2022-10-17,151.64252916354715,0.012438479579818994
2022-10-18,152.28547726902485,0.004239893049952153
2022-10-19,152.60694118835946,0.002110929585010622
2022-10-20,152.694142827096,0.0005714133188011314
2022-10-21,152.5518795430144,-0.0009316878921982714
2022-10-24,153.74619850243653,0.007828936378888594
2022-10-25,153.60507905822624,-0.0009178727382197812
2022-10-26,156.0498481537715,0.015915939176845428
2022-10-27,160.3090713959182,0.027293991583699998
2022-10-28,160.22440693658905,-0.0005281326789052464
2022-10-31,160.88812249342695,0.004142412317372857
2022-11-01,158.9207155609066,-0.012228416256151738
2022-11-02,163.2312098097412,0.027123551725908034
2022-11-03,161.48942917932354,-0.010670634815779557
2022-11-04,162.17197897493273,0.0042265911711857505
2022-11-07,163.9602787891273,0.011027181301592331
2022-11-08,164.38057939316892,0.0025634294302594733
2022-11-09,165.8570290140616,0.00898189814358356
2022-11-10,166.97622604658991,0.006747962622876917
2022-11-11,167.017231144281,0.00024557446686825253
2022-11-14,166.73981202575018,-0.0016610209415527171
2022-11-15,165.1534669382711,-0.009513895141216304
2022-11-16,166.381064589366,0.007433072243973762
2022-11-17,166.96152358906602,0.0034887323334097313
2022-11-18,163.95072904556395,-0.018032864571315196
2022-11-21,164.3451214297907,0.0024055543181949975
2022-11-22,164.39774583996464,0.0003202067071787765
2022-11-24,166.57922214327786,0.013269502523694994
2022-11-25,166.02141068342294,-0.003348625672985246
2022-11-28,168.4988195121438,0.014922224901731946
2022-11-29,168.67741479368667,0.0010599200757604986
2022-11-30,167.3768151079607,-0.007710573981209838
2022-12-01,165.09797683379816,-0.013615017544052605
2022-12-02,165.0698829236562,-0.00017016507822053214
2022-12-05,163.13262624309567,-0.011735979006276228
2022-12-06,163.05968671350826,-0.00044711797552209135
2022-12-07,163.2261994417337,0.0010211765494067724
2022-12-08,160.39071107637724,-0.017371527212263697
2022-12-09,156.7443939478776,-0.02273396697370648
2022-12-12,159.00743246176197,0.01443776365384326
2022-12-13,158.8530453620421,-0.0009709426617963726
2022-12-14,159.4479582542795,0.0037450518552007294
2022-12-15,160.82036558885213,0.008607243075411336
2022-12-16,160.82131579335527,5.908483665256748e-06
2022-12-19,161.78089312556102,0.0059667297675808795
2022-12-20,161.07720153017812,-0.004349658243243612
2022-12-21,163.05579653885255,0.012283519889087154
2022-12-22,163.73418803165336,0.004160486822307884
2022-12-23,162.46055685195884,-0.007778651453344033
2022-12-26,163.03844576921438,0.0035571028959487695
2022-12-27,161.3241111152157,-0.01051491043054583
2022-12-28,162.82113974487137,0.009279633523513027
2022-12-29,164.1487252981963,0.00815364365711468
2022-12-30,163.75048202740658,-0.002426112478584826
