CompanyID,Rating
175,A
68,A
153,BBB
19,A
112,BBB
105,A
141,BBB
93,BB
162,BB
44,BB
50,BBB
97,BBB
65,AA
126,B
176,A
90,CCC
173,B
115,BBB
73,A
88,B
143,A
161,BBB
127,BB
14,BB
45,B
94,BBB
75,BB
160,BBB
102,AA
6,A
131,A
123,BB
49,BB
147,AA
80,BB
83,A
110,BB
10,BB
109,A
132,CCC
57,B
66,BBB
114,A
170,BBB
41,BBB
27,BB
38,BBB
34,CCC
134,A
69,BBB
124,BB
98,BB
139,BBB
79,A
39,AA
150,BBB
159,BB
43,BBB
172,BB
78,BB
142,A
56,BB
62,B
7,BBB
91,BBB
35,B
92,A
111,AAA
148,BB
58,BBB
169,AA
177,A
144,BBB
106,A
145,BB
140,A
4,BBB
119,BBB
168,BBB
72,B
136,BBB
46,BBB
54,B
22,BB
70,BBB
28,BBB
135,BB
85,BB
104,A
5,AA
101,BB
40,BB
9,A
89,BBB
121,BBB
12,BBB
166,BB
167,BBB
47,A
77,BBB
76,AAA
155,BBB
82,BBB
30,BBB
64,BBB
81,BB
128,BBB
116,BB
100,BB
87,BB
152,BBB
51,A
156,BBB
103,BBB
17,B
36,BBB
42,BBB
180,BBB
122,BBB
107,B
138,BB
67,BB
113,CCC
130,B
25,BB
151,BB
108,BB
53,BBB
84,BBB
163,BB
154,AA
61,B
125,AAA
1,BBB
120,BB
71,BBB
86,B
3,BB
178,CCC
8,BBB
52,B
149,BB
59,BB
13,BBB
146,BBB
18,BBB
117,A
96,BB
63,B
99,BB
11,AAA
21,BB
164,A
179,BB
55,B
171,AA
157,BBB
95,A
26,BB
60,AA
32,B
29,AA
20,BB
31,BB
16,BB
158,AA
48,A
2,A
174,AA
165,B
37,BBB
33,BBB
74,BBB
23,BBB
118,BBB
